{
  "timestamp": "2025-12-25T00:13:12.946338",
  "homophilic": {
    "cora": {
      "teacher": {
        "mean": 87.67955801104972,
        "std": 1.7958398074464224
      },
      "student": {
        "mean": 88.12154696132596,
        "std": 1.637386131152503
      },
      "mlp": {
        "mean": 75.0828729281768,
        "std": 2.276544050860636
      },
      "config": {
        "T": 4.0,
        "lambda_kd": 1.0
      }
    },
    "citeseer": {
      "teacher": {
        "mean": 76.84684684684684,
        "std": 1.3359144996717875
      },
      "student": {
        "mean": 77.34234234234233,
        "std": 1.2534615113177372
      },
      "mlp": {
        "mean": 72.14714714714714,
        "std": 1.8551292590088417
      },
      "config": {
        "T": 4.0,
        "lambda_kd": 1.0
      }
    },
    "pubmed": {
      "teacher": {
        "mean": 86.61764705882354,
        "std": 0.4741853844852326
      },
      "student": {
        "mean": 89.1658215010142,
        "std": 0.39313287097587984
      },
      "mlp": {
        "mean": 88.09330628803244,
        "std": 0.3288726240789238
      },
      "config": {
        "T": 4.0,
        "lambda_kd": 1.0
      }
    }
  }
}