{
  "timestamp": "2025-12-24T23:42:37.524837",
  "heterophilic": {
    "actor": {
      "configs": {},
      "teacher": {
        "mean": 37.74342105263158,
        "std": 1.161347274967654
      },
      "student": {
        "mean": 37.5328947368421,
        "std": 0.9882665158605717
      },
      "mlp": {
        "mean": 35.21710526315789,
        "std": 1.4646249980938986
      },
      "best_config": {
        "T": 8.0,
        "lambda_kd": 10.0
      }
    },
    "squirrel": {
      "configs": {},
      "teacher": {
        "mean": 60.105667627281456,
        "std": 1.8196235110170975
      },
      "student": {
        "mean": 60.365033621517775,
        "std": 1.7797058055132746
      },
      "mlp": {
        "mean": 30.48991354466859,
        "std": 1.4569711423359695
      },
      "best_config": {
        "T": 1.0,
        "lambda_kd": 10.0
      }
    },
    "chameleon": {
      "configs": {
        "GLNN (default)": {
          "mean": 69.91228070175438,
          "std": 2.4514365986810733,
          "T": 4.0,
          "lambda_kd": 1.0
        },
        "T=1": {
          "mean": 69.64912280701755,
          "std": 2.1016050088966565,
          "T": 1.0,
          "lambda_kd": 1.0
        },
        "T=1, \u03bb=5": {
          "mean": 70.0,
          "std": 1.862873735227657,
          "T": 1.0,
          "lambda_kd": 5.0
        },
        "T=1, \u03bb=10": {
          "mean": 69.82456140350877,
          "std": 1.7685829082154345,
          "T": 1.0,
          "lambda_kd": 10.0
        },
        "T=2, \u03bb=10": {
          "mean": 69.64912280701755,
          "std": 1.822155971740435,
          "T": 2.0,
          "lambda_kd": 10.0
        },
        "T=1, \u03bb=15": {
          "mean": 69.47368421052632,
          "std": 1.9683162870453401,
          "T": 1.0,
          "lambda_kd": 15.0
        }
      },
      "teacher": {
        "mean": 73.09210526315789,
        "std": 1.966482964016862
      },
      "student": {
        "mean": 70.39473684210526,
        "std": 1.5288092156081923
      },
      "mlp": {
        "mean": 48.24561403508771,
        "std": 2.5517874048752374
      },
      "best_config": {
        "T": 1.0,
        "lambda_kd": 5.0
      }
    }
  }
}