{
  "rkd": {
    "actor": {
      "GLNN (baseline)": {
        "mean": 36.64473684210526,
        "std": 0.6227452403262755,
        "config": {
          "lambda_dist": 0.0,
          "lambda_angle": 0.0,
          "name": "GLNN (baseline)"
        }
      },
      "GLNN + Dist(1e-4)": {
        "mean": 11.052631578947368,
        "std": 0.4798574349686966,
        "config": {
          "lambda_dist": 0.0001,
          "lambda_angle": 0.0,
          "name": "GLNN + Dist(1e-4)"
        }
      },
      "GLNN + Dist(1e-3)": {
        "mean": 11.052631578947368,
        "std": 0.4798574349686966,
        "config": {
          "lambda_dist": 0.001,
          "lambda_angle": 0.0,
          "name": "GLNN + Dist(1e-3)"
        }
      },
      "GLNN + Angle(1e-4)": {
        "mean": 11.052631578947368,
        "std": 0.4798574349686966,
        "config": {
          "lambda_dist": 0.0,
          "lambda_angle": 0.0001,
          "name": "GLNN + Angle(1e-4)"
        }
      },
      "GLNN + Angle(1e-3)": {
        "mean": 11.052631578947368,
        "std": 0.4798574349686966,
        "config": {
          "lambda_dist": 0.0,
          "lambda_angle": 0.001,
          "name": "GLNN + Angle(1e-3)"
        }
      },
      "GLNN + RKD(1e-4,1e-4)": {
        "mean": 11.052631578947368,
        "std": 0.4798574349686966,
        "config": {
          "lambda_dist": 0.0001,
          "lambda_angle": 0.0001,
          "name": "GLNN + RKD(1e-4,1e-4)"
        }
      },
      "GLNN + RKD(1e-3,1e-3)": {
        "mean": 11.052631578947368,
        "std": 0.4798574349686966,
        "config": {
          "lambda_dist": 0.001,
          "lambda_angle": 0.001,
          "name": "GLNN + RKD(1e-3,1e-3)"
        }
      }
    },
    "squirrel": {
      "GLNN (baseline)": {
        "mean": 60.13448607108548,
        "std": 0.8440300724875621,
        "config": {
          "lambda_dist": 0.0,
          "lambda_angle": 0.0,
          "name": "GLNN (baseline)"
        }
      },
      "GLNN + Dist(1e-4)": {
        "mean": 20.883765609990395,
        "std": 0.7126700092599975,
        "config": {
          "lambda_dist": 0.0001,
          "lambda_angle": 0.0,
          "name": "GLNN + Dist(1e-4)"
        }
      },
      "GLNN + Dist(1e-3)": {
        "mean": 20.883765609990395,
        "std": 0.7126700092599975,
        "config": {
          "lambda_dist": 0.001,
          "lambda_angle": 0.0,
          "name": "GLNN + Dist(1e-3)"
        }
      },
      "GLNN + Angle(1e-4)": {
        "mean": 20.883765609990395,
        "std": 0.7126700092599975,
        "config": {
          "lambda_dist": 0.0,
          "lambda_angle": 0.0001,
          "name": "GLNN + Angle(1e-4)"
        }
      },
      "GLNN + Angle(1e-3)": {
        "mean": 20.883765609990395,
        "std": 0.7126700092599975,
        "config": {
          "lambda_dist": 0.0,
          "lambda_angle": 0.001,
          "name": "GLNN + Angle(1e-3)"
        }
      },
      "GLNN + RKD(1e-4,1e-4)": {
        "mean": 20.883765609990395,
        "std": 0.7126700092599975,
        "config": {
          "lambda_dist": 0.0001,
          "lambda_angle": 0.0001,
          "name": "GLNN + RKD(1e-4,1e-4)"
        }
      },
      "GLNN + RKD(1e-3,1e-3)": {
        "mean": 20.883765609990395,
        "std": 0.7126700092599975,
        "config": {
          "lambda_dist": 0.001,
          "lambda_angle": 0.001,
          "name": "GLNN + RKD(1e-3,1e-3)"
        }
      }
    }
  }
}