{
  "pe_ablation": {
    "actor": {
      "no_pe": {
        "mean": 36.276315789473685,
        "std": 0.5560670160293545
      },
      "with_pe": {
        "mean": 35.276315789473685,
        "std": 0.3564793995827375
      },
      "diff": -1.0,
      "recommendation": "NO PE"
    },
    "squirrel": {
      "no_pe": {
        "mean": 60.0,
        "std": 0.6475427299270962
      },
      "with_pe": {
        "mean": 59.538904899135446,
        "std": 0.5995960243737685
      },
      "diff": -0.4610951008645543,
      "recommendation": "NO PE"
    }
  }
}