{
  "dataset": "actor",
  "teacher_target": 37.7,
  "glnn_mean": 36.63815789473684,
  "glnn_std": 0.42682109429759435,
  "glnn_accs": [
    36.57894736842105,
    35.921052631578945,
    37.17105263157895,
    36.776315789473685,
    36.71052631578947,
    37.30263157894736,
    36.25,
    36.776315789473685,
    36.05263157894737,
    36.84210526315789
  ],
  "mlp_mean": 33.91447368421053,
  "mlp_std": 0.7830052995791115,
  "mlp_accs": [
    34.671052631578945,
    33.61842105263158,
    33.75,
    33.1578947368421,
    33.0921052631579,
    33.0921052631579,
    33.223684210526315,
    35.26315789473684,
    34.3421052631579,
    34.93421052631579
  ],
  "config": {
    "hidden": 256,
    "num_layers": 2,
    "dropout": 0.5,
    "lr": 0.01,
    "weight_decay": 0.0005,
    "temperature": 4.0,
    "lambda_kd": 1.0,
    "epochs": 500,
    "patience": 100
  },
  "timestamp": "2025-12-24T17:39:44.063305"
}