{
  "dataset": "chameleon",
  "teacher_target": 71.21,
  "glnn_mean": 70.46052631578948,
  "glnn_std": 1.4146011774447473,
  "glnn_accs": [
    67.98245614035088,
    73.24561403508771,
    69.95614035087719,
    68.85964912280701,
    70.39473684210526,
    71.05263157894737,
    69.51754385964912,
    70.83333333333333,
    71.05263157894737,
    71.71052631578947
  ],
  "mlp_mean": 45.65789473684211,
  "mlp_std": 1.476970021094976,
  "mlp_accs": [
    46.49122807017544,
    45.614035087719294,
    46.710526315789465,
    48.68421052631579,
    45.175438596491226,
    44.95614035087719,
    42.76315789473684,
    44.51754385964912,
    46.271929824561404,
    45.39473684210526
  ],
  "config": {
    "hidden": 256,
    "num_layers": 2,
    "dropout": 0.5,
    "lr": 0.01,
    "weight_decay": 0.0005,
    "temperature": 4.0,
    "lambda_kd": 1.0,
    "epochs": 500,
    "patience": 100
  },
  "timestamp": "2025-12-24T17:40:27.179534"
}