{
  "dataset": "squirrel",
  "teacher_target": 57.88,
  "glnn_mean": 58.96253602305476,
  "glnn_std": 1.5841700076617113,
  "glnn_accs": [
    58.885686839577325,
    60.13448607108549,
    59.17387127761767,
    60.422670509125844,
    59.17387127761767,
    56.96445725264169,
    58.02113352545629,
    61.86359269932756,
    56.099903938520654,
    58.885686839577325
  ],
  "mlp_mean": 30.288184438040343,
  "mlp_std": 1.8488029350074007,
  "mlp_accs": [
    29.7790585975024,
    30.25936599423631,
    27.37752161383285,
    32.27665706051873,
    33.81364073006724,
    28.914505283381363,
    30.45148895292987,
    31.027857829010564,
    31.123919308357344,
    27.85782901056676
  ],
  "config": {
    "hidden": 256,
    "num_layers": 2,
    "dropout": 0.5,
    "lr": 0.01,
    "weight_decay": 0.0005,
    "temperature": 4.0,
    "lambda_kd": 1.0,
    "epochs": 500,
    "patience": 100
  },
  "timestamp": "2025-12-24T17:41:50.930710"
}