{
  "actor": {
    "mean": 11.085526315789474,
    "std": 0.7068925110373322,
    "all_accs": [
      11.18421052631579,
      11.381578947368421,
      10.921052631578947,
      11.578947368421053,
      10.197368421052632,
      11.25,
      9.93421052631579,
      10.986842105263158,
      12.631578947368421,
      10.789473684210527
    ],
    "config": {
      "temperature": 8.0,
      "lambda_kd": 10.0,
      "lambda_rkd": 0.01,
      "lambda_dist": 1.0,
      "lambda_angle": 1.0,
      "student_hidden": 64,
      "num_layers": 2,
      "dropout": 0.5,
      "lr": 0.01,
      "weight_decay": 0.0005,
      "epochs": 500,
      "patience": 100,
      "rkd_samples": 512
    }
  },
  "squirrel": {
    "mean": 20.82612872238232,
    "std": 1.3617710007046573,
    "all_accs": [
      20.46109510086455,
      20.84534101825168,
      22.19020172910663,
      20.076849183477425,
      20.84534101825168,
      21.8059558117195,
      20.84534101825168,
      20.46109510086455,
      23.054755043227665,
      17.675312199807877
    ],
    "config": {
      "temperature": 1.0,
      "lambda_kd": 10.0,
      "lambda_rkd": 0.01,
      "lambda_dist": 1.0,
      "lambda_angle": 1.0,
      "student_hidden": 64,
      "num_layers": 2,
      "dropout": 0.5,
      "lr": 0.01,
      "weight_decay": 0.0005,
      "epochs": 500,
      "patience": 100,
      "rkd_samples": 512
    }
  }
}