{
  "actor": {
    "GLNN (default)": {
      "mean": 36.421052631578945,
      "std": 0.736842105263158,
      "T": 4.0,
      "lambda_kd": 1.0
    },
    "T=8": {
      "mean": 36.41447368421052,
      "std": 0.8954379992642241,
      "T": 8.0,
      "lambda_kd": 1.0
    },
    "\u03bb=5": {
      "mean": 37.01973684210526,
      "std": 1.090618042525173,
      "T": 4.0,
      "lambda_kd": 5.0
    },
    "T=8, \u03bb=5": {
      "mean": 36.98684210526316,
      "std": 0.9349515222889745,
      "T": 8.0,
      "lambda_kd": 5.0
    },
    "T=8, \u03bb=10": {
      "mean": 37.651315789473685,
      "std": 0.9811458406703969,
      "T": 8.0,
      "lambda_kd": 10.0
    },
    "T=6, \u03bb=5": {
      "mean": 36.888157894736835,
      "std": 1.0985266196465249,
      "T": 6.0,
      "lambda_kd": 5.0
    },
    "T=10, \u03bb=5": {
      "mean": 37.065789473684205,
      "std": 0.8456954718011267,
      "T": 10.0,
      "lambda_kd": 5.0
    }
  },
  "squirrel": {
    "GLNN (default)": {
      "mean": 59.36599423631124,
      "std": 1.7450434317564796,
      "T": 4.0,
      "lambda_kd": 1.0
    },
    "T=1": {
      "mean": 59.8655139289145,
      "std": 1.6363192583952026,
      "T": 1.0,
      "lambda_kd": 1.0
    },
    "\u03bb=10": {
      "mean": 59.10662824207493,
      "std": 1.6930001137617512,
      "T": 4.0,
      "lambda_kd": 10.0
    },
    "T=1, \u03bb=10": {
      "mean": 60.15369836695485,
      "std": 1.5677751399403157,
      "T": 1.0,
      "lambda_kd": 10.0
    },
    "T=2, \u03bb=10": {
      "mean": 59.798270893371765,
      "std": 1.7303069800896895,
      "T": 2.0,
      "lambda_kd": 10.0
    },
    "T=1, \u03bb=5": {
      "mean": 59.798270893371765,
      "std": 1.3123910730181145,
      "T": 1.0,
      "lambda_kd": 5.0
    },
    "T=1, \u03bb=15": {
      "mean": 60.05763688760807,
      "std": 1.4395125990339428,
      "T": 1.0,
      "lambda_kd": 15.0
    }
  }
}