{
  "dataset": "actor",
  "target": 37.7,
  "achieved_mean": 37.40131578947368,
  "achieved_std": 1.0419897929115502,
  "all_accs": [
    36.31578947368421,
    37.631578947368425,
    38.1578947368421,
    38.026315789473685,
    36.25,
    36.973684210526315,
    35.98684210526316,
    38.223684210526315,
    36.973684210526315,
    39.473684210526315
  ],
  "diff": 0.298684210526325,
  "passed": true,
  "config": {
    "hidden": 64.0,
    "lr": 0.01,
    "dropout": 0.0,
    "weight_decay": 0.001,
    "alpha": 0.0,
    "beta": 15000.0,
    "gamma": 0.2,
    "delta": 1.0,
    "norm_layers": 2.0,
    "orders": 4.0,
    "orders_func_id": 2.0,
    "norm_func_id": 2.0,
    "epochs": 2000.0,
    "early_stopping": 40.0
  },
  "timestamp": "2025-12-24T17:33:13.406656"
}