{
  "dataset": "chameleon",
  "target": 71.21,
  "achieved_mean": 73.09210526315789,
  "achieved_std": 1.966482964016862,
  "all_accs": [
    69.29824561403508,
    76.3157894736842,
    73.02631578947368,
    70.6140350877193,
    73.46491228070175,
    73.02631578947368,
    72.14912280701753,
    73.24561403508771,
    75.21929824561403,
    74.56140350877193
  ],
  "diff": 1.8821052631578965,
  "passed": true,
  "config": {
    "hidden": 64.0,
    "lr": 0.01,
    "dropout": 0.4,
    "weight_decay": 0.0001,
    "alpha": 1.0,
    "beta": 1.0,
    "gamma": 0.4,
    "delta": 0.0,
    "norm_layers": 3.0,
    "orders": 2.0,
    "orders_func_id": 2.0,
    "norm_func_id": 2.0,
    "epochs": 2000.0,
    "early_stopping": 300.0
  },
  "timestamp": "2025-12-24T17:36:10.643284"
}