{
  "dataset": "squirrel",
  "target": 57.88,
  "achieved_mean": 59.68299711815562,
  "achieved_std": 1.7482397507698197,
  "all_accs": [
    58.98174831892411,
    61.38328530259366,
    59.84630163304515,
    61.191162343900096,
    59.750240153698364,
    57.925072046109506,
    59.5581171950048,
    62.24783861671469,
    55.81171950048031,
    60.13448607108549
  ],
  "diff": 1.8029971181556164,
  "passed": true,
  "config": {
    "hidden": 64.0,
    "lr": 0.01,
    "dropout": 0.8,
    "weight_decay": 0.0,
    "alpha": 0.0,
    "beta": 1.0,
    "gamma": 0.0,
    "delta": 0.0,
    "norm_layers": 3.0,
    "orders": 2.0,
    "orders_func_id": 2.0,
    "norm_func_id": 2.0,
    "epochs": 2000.0,
    "early_stopping": 200.0
  },
  "timestamp": "2025-12-24T17:39:14.076337"
}