{
  "dataset": "actor",
  "results": {
    "A": {
      "description": "Plain MLP + KL (No Structure)",
      "mean_test": 37.40789473684211,
      "std_test": 0.9692287821422578,
      "all_test": [
        37.69736842105263,
        37.23684210526316,
        37.96052631578947,
        37.434210526315795,
        38.48684210526316,
        37.03947368421053,
        35.13157894736842,
        38.55263157894736,
        36.51315789473684,
        38.026315789473685
      ]
    },
    "B": {
      "description": "Enhanced MLP + PE + KL (PE Only)",
      "mean_test": 35.809210526315795,
      "std_test": 1.1110632588187557,
      "all_test": [
        36.05263157894737,
        37.434210526315795,
        34.473684210526315,
        36.31578947368421,
        35.06578947368421,
        34.276315789473685,
        35.98684210526316,
        34.473684210526315,
        37.10526315789473,
        36.90789473684211
      ]
    },
    "C": {
      "description": "Enhanced MLP + PE + Spectral (Full Method)",
      "mean_test": 38.164473684210535,
      "std_test": 1.0462181265974375,
      "all_test": [
        37.69736842105263,
        37.434210526315795,
        39.14473684210527,
        38.223684210526315,
        37.03947368421053,
        37.368421052631575,
        38.75,
        39.4078947368421,
        36.64473684210526,
        39.93421052631579
      ]
    }
  },
  "config": {
    "dataset": "actor",
    "num_runs": 10,
    "hidden": 256,
    "num_layers": 3,
    "dropout": 0.5,
    "lambda_spectral": 1.0,
    "lambda_soft": 0.5,
    "alpha_low": 1.0,
    "alpha_high": 1.5,
    "temperature": 4.0,
    "epochs": 300,
    "lr": 0.01,
    "weight_decay": 0.0005,
    "patience": 50,
    "cuda": false,
    "results_dir": "./results",
    "variant": null
  },
  "timestamp": "2025-12-23T23:39:18.780295"
}