{
  "cora": {
    "teacher": {
      "mean": 82.04,
      "std": 0.4758150901348119
    },
    "baseline": {
      "mean": 45.69,
      "std": 1.3262352732452862
    },
    "glnn": {
      "mean": 81.82000000000001,
      "std": 0.7318469785412777
    },
    "ours": {
      "mean": 82.31000000000002,
      "std": 0.6347440429023331
    }
  },
  "citeseer": {
    "teacher": {
      "mean": 71.63,
      "std": 0.4648655719667788
    },
    "baseline": {
      "mean": 42.64,
      "std": 1.9975985582694034
    },
    "glnn": {
      "mean": 71.74999999999999,
      "std": 0.54635153518591
    },
    "ours": {
      "mean": 71.58,
      "std": 0.6982836100038423
    }
  },
  "pubmed": {
    "teacher": {
      "mean": 79.12,
      "std": 0.3944616584663193
    },
    "baseline": {
      "mean": 66.69,
      "std": 1.1013173929435636
    },
    "glnn": {
      "mean": 80.09,
      "std": 0.6057227088363142
    },
    "ours": {
      "mean": 80.02000000000001,
      "std": 0.5249761899362688
    }
  },
  "amazon-computers": {
    "teacher": {
      "mean": 89.93818181818182,
      "std": 0.3068582465423961
    },
    "baseline": {
      "mean": 41.25454545454545,
      "std": 5.67811515694576
    },
    "glnn": {
      "mean": 81.46909090909091,
      "std": 3.881490724957857
    },
    "ours": {
      "mean": 83.15272727272728,
      "std": 3.11303524389816
    }
  },
  "amazon-photo": {
    "teacher": {
      "mean": 93.94771241830065,
      "std": 0.5222218132140702
    },
    "baseline": {
      "mean": 89.92156862745097,
      "std": 0.686616783616671
    },
    "glnn": {
      "mean": 92.84967320261438,
      "std": 1.2196855995220262
    },
    "ours": {
      "mean": 93.51633986928104,
      "std": 0.8500753196281889
    }
  }
}