{
  "teacher_mean": 27.164473684210527,
  "teacher_std": 1.1158833438666949,
  "student_mean": 33.493421052631575,
  "student_std": 1.6459074781386693,
  "gap": 6.328947368421048,
  "t_statistic": 13.003694456360225,
  "p_value": 3.8735196063924915e-07,
  "significant": true
}