{
  "dataset": "cora",
  "teacher": "gat",
  "config": {
    "alpha": 1.0,
    "beta": 1.0,
    "lambda_con": 0.1,
    "lambda_soft": 0.5,
    "lambda_rkd": 1.0
  },
  "teacher_mean": 82.74000000000001,
  "teacher_std": 0.7432361670424796,
  "student_mean": 72.16,
  "student_std": 4.5078154354409845,
  "runs": {
    "teacher_accs": [
      83.89999999999999,
      82.2,
      83.2,
      82.9,
      82.5,
      82.9,
      83.39999999999999,
      81.2,
      82.0,
      83.2
    ],
    "student_accs": [
      73.6,
      64.0,
      76.1,
      75.7,
      75.8,
      75.7,
      70.7,
      70.7,
      64.0,
      75.3
    ]
  }
}