{
  "teacher_accs": [
    56.26373626373626,
    57.58241758241758,
    59.120879120879124,
    62.637362637362635,
    55.824175824175825,
    57.14285714285714,
    59.120879120879124,
    56.7032967032967,
    59.56043956043956,
    58.24175824175825
  ],
  "student_accs": [
    50.32967032967033,
    53.62637362637363,
    52.74725274725275,
    58.24175824175825,
    49.89010989010989,
    52.087912087912095,
    54.065934065934066,
    51.64835164835166,
    56.043956043956044,
    53.40659340659341
  ],
  "teacher_mean": 58.21978021978022,
  "teacher_std": 1.9070288003986873,
  "student_mean": 53.20879120879122,
  "student_std": 2.398425599605075,
  "gap": -5.010989010989,
  "t_statistic": -17.567359995262958,
  "p_value": 2.8407351737704847e-08
}