{
  "baseline": {
    "teacher_accs": [
      71.7,
      72.6,
      71.39999999999999,
      72.1,
      70.7,
      72.8,
      71.1,
      70.89999999999999,
      70.89999999999999,
      69.7
    ],
    "student_accs": [
      73.5,
      73.3,
      68.10000000000001,
      70.2,
      72.3,
      72.89999999999999,
      68.9,
      71.2,
      72.0,
      70.10000000000001
    ]
  },
  "reduced_topo": {
    "teacher_accs": [
      71.7,
      72.6,
      71.39999999999999,
      72.1,
      70.7,
      72.8,
      71.1,
      70.89999999999999,
      70.89999999999999,
      69.7
    ],
    "student_accs": [
      72.1,
      73.1,
      66.9,
      70.39999999999999,
      71.6,
      73.0,
      70.39999999999999,
      70.8,
      71.7,
      70.6
    ]
  },
  "degree_aware_d2": {
    "teacher_accs": [
      71.7,
      72.6,
      71.39999999999999,
      72.1,
      70.7,
      72.8,
      71.1,
      70.89999999999999,
      70.89999999999999,
      69.7
    ],
    "student_accs": [
      72.6,
      72.8,
      68.80000000000001,
      70.8,
      71.3,
      73.2,
      70.0,
      70.7,
      72.2,
      70.89999999999999
    ]
  },
  "degree_aware_d3": {
    "teacher_accs": [
      71.7,
      72.6,
      71.39999999999999,
      72.1,
      70.7,
      72.8,
      71.1,
      70.89999999999999,
      70.89999999999999,
      69.7
    ],
    "student_accs": [
      72.5,
      73.2,
      67.7,
      70.7,
      72.5,
      72.2,
      70.30000000000001,
      70.10000000000001,
      71.1,
      70.2
    ]
  }
}