{
  "actor": {
    "vanilla_mlp": {
      "dataset": "actor",
      "num_runs": 5,
      "vanilla_mlp_mean": 34.368422627449036,
      "vanilla_mlp_std": 0.48273569376192604,
      "all_accs": [
        34.7368448972702,
        34.07894968986511,
        34.80263352394104,
        34.67105329036713,
        33.5526317358017
      ]
    },
    "dirichlet_energy": {
      "dataset": "actor",
      "num_runs": 5,
      "input_energy": {
        "mean": 3.30900239944458,
        "std": 0.0
      },
      "teacher_energy": {
        "mean": 0.12629940062761308,
        "std": 0.010913039569063646
      },
      "student_energy": {
        "mean": 2.971329593658447,
        "std": 0.037695511868311576
      },
      "ttest_pvalue": 1.953663484045251e-08,
      "student_higher": true
    },
    "gamma_sensitivity": {
      "dataset": "actor",
      "num_runs": 5,
      "gamma_values": [
        0.0,
        0.1,
        0.3,
        0.5,
        1.0,
        2.0
      ],
      "results": {
        "0.0": {
          "mean": 33.9868438243866,
          "std": 0.6547286910544717,
          "all": [
            35.131579637527466,
            34.07894968986511,
            33.9473694562912,
            33.61842334270477,
            33.157896995544434
          ]
        },
        "0.1": {
          "mean": 33.578948974609375,
          "std": 0.7945013635584852,
          "all": [
            34.21052694320679,
            34.14473831653595,
            32.039475440979004,
            33.68421196937561,
            33.815792202949524
          ]
        },
        "0.3": {
          "mean": 33.289474844932556,
          "std": 1.2001848891175253,
          "all": [
            34.86842215061188,
            31.44736886024475,
            33.5526317358017,
            34.07894968986511,
            32.50000178813934
          ]
        },
        "0.5": {
          "mean": 32.69737005233765,
          "std": 0.7170756951914097,
          "all": [
            33.22368562221527,
            32.434213161468506,
            33.815792202949524,
            31.90789520740509,
            32.10526406764984
          ]
        },
        "1.0": {
          "mean": 33.02631676197052,
          "std": 0.8836386723662915,
          "all": [
            32.36842155456543,
            34.60526466369629,
            32.039475440979004,
            33.02631676197052,
            33.09210538864136
          ]
        },
        "2.0": {
          "mean": 29.144737720489502,
          "std": 1.823686261086315,
          "all": [
            29.407894611358643,
            28.486841917037964,
            32.50000178813934,
            28.157895803451538,
            27.171054482460022
          ]
        }
      },
      "best_gamma": 0.0,
      "best_accuracy": 33.9868438243866,
      "tcd_beneficial": false
    }
  },
  "cora": {
    "vanilla_mlp": {
      "dataset": "cora",
      "num_runs": 5,
      "vanilla_mlp_mean": 55.300002098083496,
      "vanilla_mlp_std": 1.1882760124419405,
      "all_accs": [
        55.30000329017639,
        53.60000133514404,
        57.30000138282776,
        54.90000247955322,
        55.400002002716064
      ]
    },
    "dirichlet_energy": {
      "dataset": "cora",
      "num_runs": 5,
      "input_energy": {
        "mean": 3.244548797607422,
        "std": 0.0
      },
      "teacher_energy": {
        "mean": 0.284711891412735,
        "std": 0.007988568452809307
      },
      "student_energy": {
        "mean": 0.3528734862804413,
        "std": 0.009643741038623739
      },
      "ttest_pvalue": 5.324082001752049e-06,
      "student_higher": true
    },
    "gamma_sensitivity": {
      "dataset": "cora",
      "num_runs": 5,
      "gamma_values": [
        0.0,
        0.1,
        0.3,
        0.5,
        1.0,
        2.0
      ],
      "results": {
        "0.0": {
          "mean": 80.36000370979309,
          "std": 0.4454208741188594,
          "all": [
            80.9000015258789,
            80.0000011920929,
            80.50000667572021,
            80.70000410079956,
            79.70000505447388
          ]
        },
        "0.1": {
          "mean": 80.00000357627869,
          "std": 0.9208694674175845,
          "all": [
            79.6000063419342,
            78.60000133514404,
            81.2000036239624,
            80.80000281333923,
            79.80000376701355
          ]
        },
        "0.3": {
          "mean": 80.5400037765503,
          "std": 0.760525245363579,
          "all": [
            81.30000233650208,
            81.2000036239624,
            80.30000329017639,
            79.20000553131104,
            80.70000410079956
          ]
        },
        "0.5": {
          "mean": 80.44000387191772,
          "std": 0.6280126637084531,
          "all": [
            81.2000036239624,
            80.80000281333923,
            79.40000295639038,
            80.70000410079956,
            80.10000586509705
          ]
        },
        "1.0": {
          "mean": 80.08000373840332,
          "std": 0.8400001980015096,
          "all": [
            81.10000491142273,
            79.30000424385071,
            80.70000410079956,
            80.40000200271606,
            78.90000343322754
          ]
        },
        "2.0": {
          "mean": 80.06000518798828,
          "std": 1.1672190661073907,
          "all": [
            80.10000586509705,
            79.6000063419342,
            78.30000519752502,
            80.40000200271606,
            81.90000653266907
          ]
        }
      },
      "best_gamma": 0.3,
      "best_accuracy": 80.5400037765503,
      "tcd_beneficial": true
    }
  }
}