{
  "dataset": "actor",
  "num_runs": 3,
  "teacher": {
    "davies_bouldin": {
      "mean": 18.34559454734394,
      "std": 0.45031892351699415
    },
    "silhouette": {
      "mean": -0.03820048272609711,
      "std": 0.0016574024921283126
    },
    "avg_intra_distance": {
      "mean": 0.130957959095637,
      "std": 0.013272666461551716
    },
    "avg_inter_distance": {
      "mean": 0.02614008672535419,
      "std": 0.0018283980650259867
    },
    "compactness_ratio": {
      "mean": 4.9994692021442,
      "std": 0.15663713074039307
    }
  },
  "student": {
    "davies_bouldin": {
      "mean": 14.008995597341475,
      "std": 0.6150842875254978
    },
    "silhouette": {
      "mean": -0.013074185699224472,
      "std": 0.0009138686582446098
    },
    "avg_intra_distance": {
      "mean": 2.4068795522054036,
      "std": 0.34357784696208504
    },
    "avg_inter_distance": {
      "mean": 0.6206114461024602,
      "std": 0.11902199831539803
    },
    "compactness_ratio": {
      "mean": 3.9207141072563307,
      "std": 0.22224438074558495
    }
  }
}