{
  "dataset": "pubmed",
  "teacher": "gat",
  "config": {
    "alpha": 1.0,
    "beta": 1.0,
    "gamma": 1.0,
    "lambda_topo": 1.0
  },
  "teacher_mean": 78.0,
  "teacher_std": 0.40249223594996186,
  "student_mean": 79.50999999999999,
  "student_std": 0.8419619943916724,
  "runs": {
    "teacher_accs": [
      77.9,
      78.3,
      77.7,
      78.60000000000001,
      78.0,
      78.5,
      77.2,
      78.10000000000001,
      77.60000000000001,
      78.10000000000001
    ],
    "student_accs": [
      77.5,
      80.5,
      79.0,
      79.80000000000001,
      80.2,
      79.9,
      79.5,
      80.4,
      79.0,
      79.3
    ]
  }
}