{
  "dataset": "amazon-photo",
  "teacher": "gat",
  "config": {
    "alpha": 1.0,
    "beta": 1.0,
    "gamma": 1.0,
    "lambda_topo": 1.0
  },
  "teacher_mean": 94.26797385620914,
  "teacher_std": 0.46405228758169953,
  "student_mean": 94.48366013071893,
  "student_std": 0.7550080563761382,
  "runs": {
    "teacher_accs": [
      94.90196078431372,
      93.92156862745097,
      93.33333333333333,
      94.18300653594771,
      94.31372549019608,
      94.50980392156862,
      94.44444444444444,
      94.9673202614379,
      94.24836601307189,
      93.85620915032679
    ],
    "student_accs": [
      95.55555555555554,
      93.4640522875817,
      94.24836601307189,
      94.24836601307189,
      95.7516339869281,
      93.52941176470587,
      93.92156862745097,
      94.18300653594771,
      94.90196078431372,
      95.03267973856208
    ]
  }
}