{
  "dataset": "citeseer",
  "teacher": "gat",
  "config": {
    "alpha": 1.0,
    "beta": 1.0,
    "gamma": 1.0,
    "lambda_topo": 1.0
  },
  "teacher_mean": 71.39,
  "teacher_std": 0.8915716460273946,
  "student_mean": 71.08,
  "student_std": 1.0618851161966598,
  "runs": {
    "teacher_accs": [
      71.7,
      72.6,
      71.39999999999999,
      72.1,
      70.7,
      72.8,
      71.1,
      70.89999999999999,
      70.89999999999999,
      69.7
    ],
    "student_accs": [
      72.3,
      72.6,
      69.80000000000001,
      69.2,
      71.0,
      72.3,
      70.6,
      70.6,
      71.6,
      70.8
    ]
  }
}