{
  "dataset": "cora",
  "teacher": "gat",
  "config": {
    "alpha": 1.0,
    "beta": 1.0,
    "gamma": 1.0,
    "lambda_topo": 1.0
  },
  "teacher_mean": 82.74000000000001,
  "teacher_std": 0.7432361670424796,
  "student_mean": 82.99000000000001,
  "student_std": 1.2169223475637179,
  "runs": {
    "teacher_accs": [
      83.89999999999999,
      82.2,
      83.2,
      82.9,
      82.5,
      82.9,
      83.39999999999999,
      81.2,
      82.0,
      83.2
    ],
    "student_accs": [
      84.3,
      80.30000000000001,
      84.39999999999999,
      83.2,
      83.2,
      83.5,
      83.7,
      82.0,
      81.7,
      83.6
    ]
  }
}