{
  "dataset": "squirrel",
  "model": "GloGNN++",
  "mean_acc": 66.4361191162344,
  "std_acc": 1.9607839880381284,
  "all_results": [
    0.6580211335254563,
    0.6733909702209414,
    0.6570605187319885,
    0.6820365033621518,
    0.6512968299711815,
    0.6589817483189241,
    0.6522574447646494,
    0.6887608069164265,
    0.6263208453410183,
    0.6954851104707013
  ],
  "config": {
    "hidden": 64,
    "lr": 0.01,
    "dropout": 0.8,
    "weight_decay": 0.0,
    "alpha": 0.0,
    "beta": 1.0,
    "gamma": 0.0,
    "delta": 0.0,
    "norm_layers": 3,
    "orders": 2,
    "orders_func_id": 2,
    "norm_func_id": 2,
    "epochs": 2000,
    "early_stopping": 200
  },
  "timestamp": "2025-12-23T20:01:57.712156"
}