{
  "dataset": "actor",
  "model": "GloGNN++",
  "mean_acc": 37.33552631578947,
  "std_acc": 0.6964057406991058,
  "all_results": [
    0.3815789473684211,
    0.37236842105263157,
    0.37894736842105264,
    0.3717105263157895,
    0.36907894736842106,
    0.36644736842105263,
    0.36447368421052634,
    0.3881578947368421,
    0.36973684210526314,
    0.37105263157894736
  ],
  "config": {
    "hidden": 64,
    "lr": 0.01,
    "dropout": 0.0,
    "weight_decay": 0.001,
    "alpha": 0.0,
    "beta": 15000.0,
    "gamma": 0.2,
    "delta": 1.0,
    "norm_layers": 2,
    "orders": 4,
    "orders_func_id": 2,
    "norm_func_id": 2,
    "epochs": 2000,
    "early_stopping": 40
  },
  "timestamp": "2025-12-23T19:19:48.389815"
}