{
  "chameleon": null,
  "squirrel": {
    "teacher_accs": [
      33.07692307692308,
      32.21153846153847,
      31.63461538461539,
      31.923076923076927,
      31.82692307692308,
      32.88461538461539,
      34.61538461538461,
      34.51923076923077,
      33.36538461538462,
      35.48076923076923
    ],
    "student_accs": [
      34.90384615384616,
      32.98076923076923,
      30.480769230769234,
      32.88461538461539,
      31.25,
      33.17307692307693,
      34.61538461538461,
      34.61538461538461,
      30.961538461538463,
      32.88461538461539
    ]
  },
  "actor": {
    "teacher_accs": [
      27.960526315789476,
      26.11842105263158,
      26.842105263157894,
      29.078947368421055,
      26.842105263157894,
      26.64473684210526,
      28.092105263157897,
      24.934210526315788,
      27.105263157894736,
      28.02631578947368
    ],
    "student_accs": [
      34.473684210526315,
      30.723684210526315,
      33.1578947368421,
      34.868421052631575,
      33.81578947368421,
      33.026315789473685,
      32.171052631578945,
      33.223684210526315,
      32.36842105263158,
      37.10526315789473
    ]
  }
}