{
  "dataset": "actor",
  "perturbation_ratios": [
    0.0,
    0.1,
    0.2,
    0.3,
    0.4,
    0.5
  ],
  "teacher": {
    "0.0": {
      "mean": 28.302631974220276,
      "std": 1.1910622100132537
    },
    "0.1": {
      "mean": 27.973684668540955,
      "std": 1.0619652256059153
    },
    "0.2": {
      "mean": 27.69736886024475,
      "std": 0.9784730725710634
    },
    "0.3": {
      "mean": 27.842106223106384,
      "std": 1.3790078042046958
    },
    "0.4": {
      "mean": 28.02631676197052,
      "std": 1.0985069481305394
    },
    "0.5": {
      "mean": 26.973685026168823,
      "std": 0.8185435470144002
    }
  },
  "student": {
    "0.0": {
      "mean": 36.60526514053345,
      "std": 0.6613073449099878
    },
    "0.1": {
      "mean": 36.60526514053345,
      "std": 0.6613073449099878
    },
    "0.2": {
      "mean": 36.60526514053345,
      "std": 0.6613073449099878
    },
    "0.3": {
      "mean": 36.60526514053345,
      "std": 0.6613073449099878
    },
    "0.4": {
      "mean": 36.60526514053345,
      "std": 0.6613073449099878
    },
    "0.5": {
      "mean": 36.60526514053345,
      "std": 0.6613073449099878
    }
  },
  "teacher_drop": 1.3289469480514526,
  "student_drop": 0.0,
  "robustness_gain": 1.3289469480514526
}