{
  "dataset": "actor",
  "results": {
    "lambda_spectral": {
      "0.0": {
        "mean": 35.46052631578947,
        "std": 0.897248795854332,
        "all": [
          35.26315789473684,
          36.64473684210526,
          34.473684210526315
        ]
      },
      "0.1": {
        "mean": 34.84649122807018,
        "std": 1.2217884453670276,
        "all": [
          36.51315789473684,
          33.61842105263158,
          34.4078947368421
        ]
      },
      "0.5": {
        "mean": 37.25877192982456,
        "std": 0.08205389006083132,
        "all": [
          37.17105263157895,
          37.368421052631575,
          37.23684210526316
        ]
      },
      "1.0": {
        "mean": 36.51315789473684,
        "std": 1.9612179399395944,
        "all": [
          36.578947368421055,
          34.078947368421055,
          38.881578947368425
        ]
      },
      "2.0": {
        "mean": 37.127192982456144,
        "std": 2.4412140438729386,
        "all": [
          36.64473684210526,
          34.4078947368421,
          40.328947368421055
        ]
      },
      "5.0": {
        "mean": 37.58771929824561,
        "std": 1.4113677990968494,
        "all": [
          36.25,
          36.973684210526315,
          39.53947368421053
        ]
      }
    }
  },
  "timestamp": "2025-12-24T00:06:56.146248"
}