{
  "cora": {
    "teacher_mean": 82.74000000000001,
    "student_mean": 82.99000000000001,
    "gap": 0.25,
    "t_statistic": 0.9299029232019668,
    "p_value": 0.37668939409205826,
    "significance": "n.s.",
    "student_wins": false
  },
  "pubmed": {
    "teacher_mean": 78.0,
    "student_mean": 79.50999999999999,
    "gap": 1.509999999999991,
    "t_statistic": 5.795796649166858,
    "p_value": 0.0002608450827748128,
    "significance": "*** (p < 0.01)",
    "student_wins": true
  },
  "amazon-photo": {
    "teacher_mean": 94.26797385620914,
    "student_mean": 94.48366013071893,
    "gap": 0.2156862745097925,
    "t_statistic": 0.788075696854761,
    "p_value": 0.45090933000321487,
    "significance": "n.s.",
    "student_wins": false
  }
}