{
  "dataset": "actor",
  "model": "enhanced",
  "use_pe": true,
  "mean_test_acc": 37.993421052631575,
  "std_test_acc": 0.9300546926401363,
  "mean_val_acc": 39.85197368421053,
  "std_val_acc": 0.4633080927961599,
  "all_test_accs": [
    36.71052631578947,
    38.026315789473685,
    39.4078947368421,
    36.973684210526315,
    37.96052631578947,
    37.89473684210527,
    38.026315789473685,
    39.80263157894737,
    37.17105263157895,
    37.96052631578947
  ],
  "all_val_accs": [
    39.14473684210527,
    39.84375,
    39.92598684210527,
    40.625,
    39.30921052631579,
    39.555921052631575,
    40.131578947368425,
    39.67927631578947,
    40.58388157894737,
    39.72039473684211
  ],
  "config": {
    "dataset": "actor",
    "num_runs": 10,
    "model": "enhanced",
    "hidden": 256,
    "num_layers": 3,
    "dropout": 0.5,
    "use_pe": true,
    "no_pe": false,
    "lambda_spectral": 1.0,
    "lambda_soft": 0.5,
    "alpha_low": 1.0,
    "alpha_high": 1.5,
    "high_freq_scale": 2.0,
    "temperature": 4.0,
    "epochs": 300,
    "lr": 0.01,
    "weight_decay": 0.0005,
    "patience": 100,
    "log_every": 100,
    "cuda": false,
    "seed": 42,
    "save_model": false,
    "checkpoint_dir": "./checkpoints",
    "results_dir": "./results"
  },
  "timestamp": "2025-12-24T14:44:34.521891"
}