{
  "dataset": "actor",
  "model": "enhanced",
  "use_pe": true,
  "mean_test_acc": 37.83552631578947,
  "std_test_acc": 1.2990547650305113,
  "mean_val_acc": 39.74095394736842,
  "std_val_acc": 0.6277127976592656,
  "all_test_accs": [
    36.38157894736842,
    36.90789473684211,
    39.276315789473685,
    36.776315789473685,
    37.17105263157895,
    36.71052631578947,
    38.421052631578945,
    39.73684210526316,
    37.03947368421053,
    39.93421052631579
  ],
  "all_val_accs": [
    38.52796052631579,
    40.17269736842105,
    39.84375,
    40.46052631578947,
    39.02138157894737,
    39.92598684210527,
    40.254934210526315,
    39.18585526315789,
    40.50164473684211,
    39.51480263157895
  ],
  "config": {
    "dataset": "actor",
    "num_runs": 10,
    "model": "enhanced",
    "hidden": 256,
    "num_layers": 3,
    "dropout": 0.5,
    "use_pe": true,
    "no_pe": false,
    "lambda_spectral": 1.0,
    "lambda_soft": 0.5,
    "alpha_low": 1.0,
    "alpha_high": 1.5,
    "high_freq_scale": 2.0,
    "temperature": 4.0,
    "epochs": 300,
    "lr": 0.01,
    "weight_decay": 0.0005,
    "patience": 50,
    "log_every": 100,
    "cuda": false,
    "seed": 42,
    "save_model": false,
    "checkpoint_dir": "./checkpoints",
    "results_dir": "./results"
  },
  "timestamp": "2025-12-23T22:47:20.046140"
}