{
  "dataset": "chameleon",
  "model": "enhanced",
  "use_pe": true,
  "mean_test_acc": 70.7456140350877,
  "std_test_acc": 2.5690674816855203,
  "mean_val_acc": 71.60493827160494,
  "std_val_acc": 1.9812059506042041,
  "all_test_accs": [
    65.78947368421052,
    75.87719298245614,
    70.83333333333333,
    67.98245614035088,
    70.17543859649122,
    72.80701754385964,
    71.71052631578947,
    69.73684210526315,
    71.71052631578947,
    70.83333333333333
  ],
  "all_val_accs": [
    71.74211248285322,
    67.76406035665295,
    74.07407407407408,
    74.21124828532236,
    73.66255144032921,
    71.60493827160494,
    72.01646090534979,
    69.1358024691358,
    71.19341563786008,
    70.64471879286694
  ],
  "config": {
    "dataset": "chameleon",
    "num_runs": 10,
    "model": "enhanced",
    "hidden": 256,
    "num_layers": 3,
    "dropout": 0.5,
    "use_pe": true,
    "no_pe": false,
    "lambda_spectral": 1.0,
    "lambda_soft": 0.5,
    "alpha_low": 1.0,
    "alpha_high": 1.5,
    "high_freq_scale": 2.0,
    "temperature": 4.0,
    "epochs": 500,
    "lr": 0.01,
    "weight_decay": 0.0005,
    "patience": 100,
    "log_every": 50,
    "cuda": true,
    "seed": 42,
    "save_model": false,
    "checkpoint_dir": "./checkpoints",
    "results_dir": "./results"
  },
  "timestamp": "2025-12-24T18:02:23.029020"
}