{
  "dataset": "actor",
  "model": "enhanced",
  "use_pe": true,
  "mean_test_acc": 36.625,
  "std_test_acc": 1.2713039143569411,
  "mean_val_acc": 39.083059210526315,
  "std_val_acc": 0.853888143803256,
  "all_test_accs": [
    36.31578947368421,
    35.39473684210526,
    35.98684210526316,
    36.44736842105263,
    35.6578947368421,
    35.6578947368421,
    36.31578947368421,
    39.473684210526315,
    36.38157894736842,
    38.61842105263158
  ],
  "all_val_accs": [
    38.07565789473684,
    38.85690789473684,
    38.9391447368421,
    39.10361842105263,
    39.92598684210526,
    39.84375,
    40.37828947368421,
    37.993421052631575,
    39.84375,
    37.870065789473685
  ],
  "config": {
    "dataset": "actor",
    "num_runs": 10,
    "model": "enhanced",
    "hidden": 256,
    "num_layers": 3,
    "dropout": 0.5,
    "use_pe": true,
    "no_pe": false,
    "lambda_spectral": 1.0,
    "lambda_soft": 0.5,
    "alpha_low": 1.0,
    "alpha_high": 1.5,
    "high_freq_scale": 2.0,
    "temperature": 4.0,
    "epochs": 500,
    "lr": 0.01,
    "weight_decay": 0.0005,
    "patience": 100,
    "log_every": 50,
    "cuda": true,
    "seed": 42,
    "save_model": false,
    "checkpoint_dir": "./checkpoints",
    "results_dir": "./results"
  },
  "timestamp": "2025-12-24T17:48:05.399235"
}