{
  "dataset": "squirrel",
  "model": "enhanced",
  "use_pe": true,
  "mean_test_acc": 57.233429394812674,
  "std_test_acc": 2.2214100267107155,
  "mean_val_acc": 58.683894230769226,
  "std_val_acc": 1.2378203079354562,
  "all_test_accs": [
    55.907780979827095,
    58.69356388088376,
    57.636887608069166,
    59.36599423631124,
    57.829010566762726,
    54.85110470701249,
    56.58021133525456,
    60.23054755043228,
    52.44956772334294,
    58.789625360230545
  ],
  "all_val_accs": [
    58.894230769230774,
    58.713942307692314,
    59.2548076923077,
    58.894230769230774,
    57.63221153846154,
    59.01442307692308,
    59.43509615384615,
    61.057692307692314,
    56.06971153846154,
    57.87259615384615
  ],
  "config": {
    "dataset": "squirrel",
    "num_runs": 10,
    "model": "enhanced",
    "hidden": 256,
    "num_layers": 3,
    "dropout": 0.5,
    "use_pe": true,
    "no_pe": false,
    "lambda_spectral": 1.0,
    "lambda_soft": 0.5,
    "alpha_low": 1.0,
    "alpha_high": 1.5,
    "high_freq_scale": 2.0,
    "temperature": 4.0,
    "epochs": 500,
    "lr": 0.01,
    "weight_decay": 0.0005,
    "patience": 100,
    "log_every": 50,
    "cuda": true,
    "seed": 42,
    "save_model": false,
    "checkpoint_dir": "./checkpoints",
    "results_dir": "./results"
  },
  "timestamp": "2025-12-24T17:52:14.909812"
}