{
  "dataset": "actor",
  "num_runs": 5,
  "gat": {
    "teacher_mean": 27.6973694562912,
    "teacher_std": 0.656578373293577,
    "student_mean": 33.71052801609039,
    "student_std": 0.4644566380829327,
    "gap": 6.013158559799194
  },
  "gcnii": {
    "teacher_mean": 33.907896280288696,
    "teacher_std": 0.5529448880702246,
    "student_mean": 35.30263364315033,
    "student_std": 1.2514533610853158,
    "gap": 1.3947373628616333
  }
}