{
  "temperature": {
    "actor": {
      "T=1.0": {
        "mean": 36.421052631578945,
        "std": 0.6095386748368659
      },
      "T=2.0": {
        "mean": 36.171052631578945,
        "std": 0.5136637183142925
      },
      "T=4.0": {
        "mean": 36.131578947368425,
        "std": 0.807255876325154
      },
      "T=6.0": {
        "mean": 36.23684210526316,
        "std": 0.6649620404470138
      },
      "T=8.0": {
        "mean": 36.723684210526315,
        "std": 0.8051083442514942
      },
      "T=10.0": {
        "mean": 36.0921052631579,
        "std": 0.6729848343444431
      },
      "T=20.0": {
        "mean": 35.89473684210526,
        "std": 0.9309617342794065
      }
    },
    "squirrel": {
      "T=1.0": {
        "mean": 60.71085494716618,
        "std": 0.5921627284312159
      },
      "T=2.0": {
        "mean": 59.75024015369836,
        "std": 0.36955588975353226
      },
      "T=4.0": {
        "mean": 59.76945244956771,
        "std": 0.8749508193456856
      },
      "T=6.0": {
        "mean": 59.634966378482225,
        "std": 0.8978537133946534
      },
      "T=8.0": {
        "mean": 59.711815561959654,
        "std": 0.898264724500361
      },
      "T=10.0": {
        "mean": 59.538904899135446,
        "std": 0.8791593612793497
      },
      "T=20.0": {
        "mean": 59.2507204610951,
        "std": 1.3952413183758166
      }
    }
  },
  "smoothing": {
    "actor": {
      "smooth=0.0": {
        "mean": 36.44736842105263,
        "std": 1.1560990861309897
      },
      "smooth=0.05": {
        "mean": 36.35526315789473,
        "std": 1.0539465470789873
      },
      "smooth=0.1": {
        "mean": 36.565789473684205,
        "std": 0.4312097265308943
      },
      "smooth=0.15": {
        "mean": 36.25,
        "std": 0.9331906961314292
      },
      "smooth=0.2": {
        "mean": 36.05263157894738,
        "std": 0.7728513239783369
      }
    },
    "squirrel": {
      "smooth=0.0": {
        "mean": 60.05763688760807,
        "std": 0.930160878917209
      },
      "smooth=0.05": {
        "mean": 59.67339097022093,
        "std": 0.9241893157199383
      },
      "smooth=0.1": {
        "mean": 60.17291066282421,
        "std": 0.8365625766408158
      },
      "smooth=0.15": {
        "mean": 59.80787704130644,
        "std": 0.9404217675712137
      },
      "smooth=0.2": {
        "mean": 59.65417867435159,
        "std": 0.8330252983161911
      }
    }
  },
  "confidence": {
    "actor": {
      "No Weighting": {
        "mean": 36.03947368421053,
        "std": 0.5463299866322806
      },
      "With Weighting": {
        "mean": 36.30263157894737,
        "std": 0.414839020274592
      }
    },
    "squirrel": {
      "No Weighting": {
        "mean": 59.96157540826128,
        "std": 0.8999068917295185
      },
      "With Weighting": {
        "mean": 59.88472622478387,
        "std": 0.9225903710695855
      }
    }
  },
  "kd_weight": {
    "actor": {
      "\u03bb=0.0": {
        "mean": 35.065789473684205,
        "std": 0.8991762928036775
      },
      "\u03bb=0.5": {
        "mean": 36.10526315789473,
        "std": 0.44698125661744775
      },
      "\u03bb=1.0": {
        "mean": 36.81578947368421,
        "std": 0.30462728691553353
      },
      "\u03bb=2.0": {
        "mean": 36.381578947368425,
        "std": 0.5312270852154308
      },
      "\u03bb=5.0": {
        "mean": 37.131578947368425,
        "std": 0.6221889693440481
      },
      "\u03bb=10.0": {
        "mean": 36.868421052631575,
        "std": 0.5206936562476158
      }
    },
    "squirrel": {
      "\u03bb=0.0": {
        "mean": 31.48895292987512,
        "std": 1.9765335100267727
      },
      "\u03bb=0.5": {
        "mean": 59.634966378482225,
        "std": 0.49506623349567896
      },
      "\u03bb=1.0": {
        "mean": 60.153698366954856,
        "std": 0.6469724588081741
      },
      "\u03bb=2.0": {
        "mean": 60.03842459173872,
        "std": 0.4295999956771932
      },
      "\u03bb=5.0": {
        "mean": 60.21133525456291,
        "std": 0.6057207596708719
      },
      "\u03bb=10.0": {
        "mean": 60.69164265129683,
        "std": 0.09412064333460955
      }
    }
  }
}