{
  "task2_balance": {
    "actor": {
      "0.0": {
        "mean": 36.68859649122806,
        "std": 0.5693313590239977
      },
      "0.1": {
        "mean": 36.64473684210526,
        "std": 0.5608206952870367
      },
      "0.5": {
        "mean": 35.89912280701754,
        "std": 1.2300266370508899
      },
      "1.0": {
        "mean": 36.18421052631579,
        "std": 0.37601816226934826
      },
      "trend": "Monotonic DECREASE (Spectral Loss is HARMFUL)"
    },
    "squirrel": {
      "0.0": {
        "mean": 59.17387127761768,
        "std": 0.592162728431219
      },
      "0.1": {
        "mean": 58.11719500480307,
        "std": 1.0286505542240831
      },
      "0.5": {
        "mean": 58.66154338776817,
        "std": 0.2754506969914409
      },
      "1.0": {
        "mean": 57.925072046109506,
        "std": 0.5921627284312189
      },
      "trend": "Monotonic DECREASE (Spectral Loss is HARMFUL)"
    }
  }
}