{
  "task4_homophily": {
    "squirrel": {
      "homophily_mean": 0.3066695034503937,
      "homophily_std": 0.24163909256458282,
      "distribution": {
        "0-0.2": {
          "count": 1626,
          "pct": 31.26321861180542
        },
        "0.2-0.4": {
          "count": 2155,
          "pct": 41.43433955008653
        },
        "0.4-0.6": {
          "count": 838,
          "pct": 16.11228609882715
        },
        "0.6-0.8": {
          "count": 231,
          "pct": 4.441453566621804
        },
        "0.8-1.0": {
          "count": 110,
          "pct": 2.1149778888675255
        }
      },
      "hetero_pct": 31.26321861180542,
      "per_group": {
        "h<0.2": {
          "glnn": 48.7708818958819,
          "spectral": 48.06596181596181,
          "winner": "GLNN",
          "diff": -0.7049200799200861
        },
        "h:0.2-0.5": {
          "glnn": 67.08267996610982,
          "spectral": 64.2516846024225,
          "winner": "GLNN",
          "diff": -2.8309953636873217
        },
        "h>=0.5": {
          "glnn": 62.29167580529603,
          "spectral": 62.05626471319326,
          "winner": "GLNN",
          "diff": -0.23541109210277256
        }
      }
    }
  }
}