{
  "task3_ablation": {
    "actor": {
      "only_low": {
        "mean": 36.2938596491228,
        "std": 0.4874147098880008
      },
      "only_high": {
        "mean": 36.09649122807017,
        "std": 0.1550672765759983
      },
      "both": {
        "mean": 37.324561403508774,
        "std": 0.7827442235778388
      },
      "analysis": "HIGH-FREQ IS HARMFUL - MLP cannot learn sharp signals"
    },
    "squirrel": {
      "only_low": {
        "mean": 58.30931796349663,
        "std": 0.6701392743021587
      },
      "only_high": {
        "mean": 58.277297470381036,
        "std": 0.8459714898253571
      },
      "both": {
        "mean": 57.79699007364713,
        "std": 0.7856448380650177
      },
      "analysis": "MIXED - both components contribute"
    }
  }
}